image_file,red_count,green_count,black_count
0081835cf877e004e8bfb905b78a9139,21031,0,1252569
00d827b8bcf15050fb9af0ef92846b60,76576,0,1197024
00f9b6c911c4aa179344271fa54aa1b2,54438,0,1173082
00fd197cd955fa095f978455cef3593c,0,107770,1142790
01c13a3d810b000db55759486b8aa1b8,0,29340,1244260
01e80947f9c02314fc58bdb26679bff5,112425,0,1161175
01ff069910ea2abe3c84417fda801941,12080,0,1261520
02000f9b6c911c4aa179344271fa54aa,51158,0,1176362
021bab9fc7330398846f67b5df7cdf3f,238554,0,988966
02345d341253851bc866ebe4d18d5401,63229,0,1210371
025ba0e3b6d0bf0b5633059989805234,42219,0,1231381
02b296cc5cfd263f1f90be2879923502,22870,0,1250730
0317371a966bf4b3466463a3c64db170,0,17158,1233402
033c03b0af70cc0f6d32b726342865f6,24669,0,1202851
0351267e98bd886544a2a98ee309ce76,10081,3005,1297635
03983064a3eb4d49033c03b0af70cc0f,88041,0,1139479
03d2cbbcfa4baf3866269959350e7998,32258,0,1195262
03f909df7cd066b37f538abe9de67869,83459,0,1190141
040781d54ffd6a8ee924dbd70f618d52,61115,0,1212485
04414eaa922bca73d5379c7c851a5082,22381,0,1205139
0449922d6157edc3d82df22c41b503dc,31708,0,1241892
0449ad43fe2cd066b9fdbc3bbc04a3af,120517,0,1107003
047dc0cbb58aa032554b5eb4fcf0130a,0,145554,1105006
04801b37705c1e555525d4f09ce7270b,138395,10560,1124645
0496b83ef461c2a337948a41964c1d4f,1,35991,1237609
04c34a359bbb402345d341253851bc86,50052,0,1223548
04ccdc265a0b0a1230b118fa8625605d,56786,0,1170734
04f234b701fc691ffa02f6068b683019,0,18765,1231795
051fc90e85d064f787d4be168d951058,25335,0,1225225
052600f1f93e952886d1697f8af9b550,53628,0,1173892
0528810e9d05be942fd5dd0902e0db22,86278,41597,1182845
054d694539ef2424a9218697283baa36,17774,0,1255826
0676289b3e732adb4c5d1580670d78b9,0,46476,1227124
069910ea2abe3c84417fda8019410b1f,50797,0,1222803
06cb09d1fc6869d7b4193425b976973f,37058,0,1190462
076135d76d0bbd4ce2a1405f7d507592,17574,0,1256026
077bad31c8c5f54ffaa27a623511c389,0,6968,1243592
07907941a8490fd7df8e26031fbb5e52,16950,0,1256650
081835cf877e004e8bfb905b78a91391,36228,0,1237372
085835c525af63a987f428c953248704,250442,0,977078
08cc3736e216b08d237285e26c90e179,0,20516,1207004
08d237285e26c90e1797c77826f9a702,108984,0,1118536
09384b57bb6a052600f1f93e952886d1,36820,0,1190700
09817287a8aef566999467c2a48847ae,137057,0,1136543
099130d98309817287a8aef566999467,76622,0,1196978
09d1dff09b8405734fbeedd0f9da760d,0,25140,1225420
09df7cd066b37f538abe9de67869ac66,38185,0,1235415
0a1230b118fa8625605da2023387fd56,122885,0,1104635
0a22abd004c33abf3ae2136cd9dd77ae,22188,0,1251412
0a6085835c525af63a987f428c953248,217916,0,1009604
0aa5f7804c34a359bbb402345d341253,0,5130,1268470
0adabead1ae730831caf386f6e366943,79758,0,1193842
0b1300cb1b387133b51209db6dcdda5c,0,12577,1261023
0b47aa6b7b1fecb5579bf4a5ced589c4,3,55468,1195092
0b9afea6923881bf04350ffd6984cbcc,12159,0,1261441
0bbd4ce2a1405f7d507592b964b7955a,40039,0,1233561
0bd55b1393e2ef89424de1556a26c8eb,238231,36964,975366
0bf0b5633059989805234e222e19769f,65118,0,1208482
0bfd2a52829ab4e7568cb49a3c530b99,93145,0,1134375
0c90be319e1d6d19a707a4fdcc58c9c9,1,25204,1225356
0e1797c77826f9a7021bab9fc7330398,46080,0,1181440
0e3b6d0bf0b5633059989805234e222e,61110,0,1212490
0e85d064f787d4be168d9510588bec07,25929,0,1224631
0eaf044301ff069910ea2abe3c84417f,77109,0,1196491
0ebce6347c491b37c8c2e5a64a8bd16f,153031,0,1120569
0f1536ad3f6a5664c1711b62f15ec83b,91960,0,1181640
0f1f93e952886d1697f8af9b550c1bce,33624,0,1193896
0f618d52893a23c466c16952b6692e6b,0,53605,1219995
0fb9af0ef92846b60b1a38a1eecd70eb,150173,0,1123427
10a38713b2aa6ce8d1cf6644589e532a,0,7948,1265652
10b1fcf0625f608b4ce97629ab559b28,374216,0,899384
117c6599c6dc55c83a46ce2be9800e6c,0,13801,1259799
11c4aa179344271fa54aa1b27918630b,43478,0,1184042
11f025ba0e3b6d0bf0b5633059989805,0,17734,1255866
12295dd542315b4c10e2b0e33fa12bfc,92476,0,1135044
124dbc13ca0eaf044301ff069910ea2a,49816,0,1223784
1276e3f404b79b6669075945dc8ec8f0,33134,0,1194386
130a76ba2ea3ad774c0444718528404f,0,16811,1233749
13ccf1f4b331a412fc44655fb51f809d,12430,0,1261170
145a7d8d3b6c0ed754f28ca745212295,45053,0,1182467
149398b798da48d679d7c7c8d3d96fb2,1,39535,1211025
14fc58bdb26679bff55177a34fc01019,47373,0,1226227
152b672ab3492fc6239c86a73f97dd52,0,10465,1217055
15334875343f27ebc5d92b9076135d76,32219,0,1241381
1573af7f31f04dc06992d92472facb34,0,13249,1237311
15a51625559c7e610b1531871f2fd85a,17650,0,1255950
15c88d81a4106de1bdb8f4c31cfc1c9d,30101,0,1220459
163a745959c03983064a3eb4d49033c0,9022,0,1218498
16d06046f5d8dd18841d318d1f625619,34572,0,1205748
16d4ca6160127cd1d5ff99c267599fc4,15176,6160,1252264
17287a8aef566999467c2a48847ae839,35617,0,1237983
1743c6c08a1d1ad8f2c5f72724e00d82,13912,0,1259688
177a34fc01019eec999fd84e679b05f9,238352,0,1035248
17ba487d4878a9bf8a6f4d4987ea3b4b,37122,0,1190398
17f87cf12b41e5e9e5040781d54ffd6a,294424,0,979176
18d52893a23c466c16952b6692e6be5e,0,13857,1259743
18d5401f659532897255ce2dd4ae1b0f,207345,0,1066255
18fa8625605da2023387fd56c04414ea,21099,0,1206421
193ac8d551c149b60f2965341caf528c,59816,0,1213784
19410b1fcf0625f608b4ce97629ab559,56605,0,1216995
195f853af7f8a4df1ec859759b7c8743,84260,0,1189340
19d9ae2a9833aa6b8232510939c091a7,136833,0,1090687
1a65d2b46d0a6085835c525af63a987f,186646,0,1040874
1b248d152b672ab3492fc6239c86a73f,0,19560,1207960
1b9298e11bb07c70f3701ae6bcec5dd8,0,23676,1226884
1b976b7a7efc10b1300cb1b387133b51,11538,0,1262062
1c149b60f2965341caf528ca0adabead,89625,0,1183975
1c4aa179344271fa54aa1b27918630bf,34310,34729,1158481
1c74143555dbf9c4ebafbd9871ca68e0,32361,0,1241239
1caf528ca0adabead1ae730831caf386,24206,0,1249394
1cfc1c9d33f3a7b24423d5c7edd71817,237206,0,1013354
1d4dc3ddad260bfcb4443de3ef69f6db,157175,0,1116425
1d54ffd6a8ee924dbd70f618d52893a2,88139,0,1185461
1db40939d9a2f94285ef2a23f9dbbb7b,65769,4973,1179818
1e555525d4f09ce7270bfec57e441680,2,18901,1254699
1efbafa0940efd09e941bb189a5dbc20,0,53930,1219670
1f3cf29dff2864e2d89df283ecd59f91,99650,0,1173950
1f625619d9ae2a9833aa6b8232510939,0,15312,1225008
1f659532897255ce2dd4ae1b0f124dbc,15395,0,1258205
1fcf0625f608b4ce97629ab559b28f39,364535,0,909065
1fd8bbf118acd7936140a2d5fc1443c4,23743,3877,1245980
1ff069910ea2abe3c84417fda8019410,51116,0,1222484
1ffb963e1713a8763b8318ecf467d7ad,0,18848,1231712
20362736055807907941a8490fd7df8e,46542,0,1227058
21fbbec5a215f0f235a823d5349ab65a,0,42141,1185379
222e19769fa2d37d32780fd497e1c0e9,9623,2082,1261895
225024da63fb9a76b92633408da4bcab,39219,0,1234381
229db65646d81526eb91e2da9e6afaef,54126,0,1219474
229fe1bce59ddf92e76900d229db6564,308890,0,964710
22af6b2da43f71d4dc3ddad260bfcb44,190529,0,1083071
23099dd2eedba39099848c4425bf33b9,11447,0,1262153
230b118fa8625605da2023387fd56c04,26302,0,1201218
2315b4c10e2b0e33fa12bfcd6da15fc6,150191,0,1077329
23387fd56c04414eaa922bca73d5379c,65789,0,1161731
2345d341253851bc866ebe4d18d5401f,172994,0,1100606
234e222e19769fa2d37d32780fd497e1,56320,0,1217280
23c4eaf3372eae567c94ea04c603f909,72133,0,1201467
24423d5c7edd718176ef3065837ced5c,37595,0,1202725
24dbc13ca0eaf044301ff069910ea2ab,128102,0,1145498
24dbd70f618d52893a23c466c16952b6,55112,0,1218488
24e00d827b8bcf15050fb9af0ef92846,20740,0,1252860
2510939c091a7915c942b2f94722af7f,52842,0,1174678
251eedf26ed414a42bec7a5fdbaf2760,13827,0,1259773
253851bc866ebe4d18d5401f65953289,181014,0,1092586
255ce2dd4ae1b0f124dbc13ca0eaf044,45885,0,1227715
25605da2023387fd56c04414eaa922bc,92295,0,1135225
25af63a987f428c953248704ccdc265a,30351,0,1197169
26231002ec4a1fe748f3085f1ce88cbd,0,22268,1228292
269959350e7998934d417cb2eb1ef57a,16074,0,1211446
26a6f23c5d6d5f35f66adf95b204727f,173677,0,1053843
26f9a7021bab9fc7330398846f67b5df,70775,0,1156745
276a476420655433a925101416ae101f,17265,8754,1224541
276e3f404b79b6669075945dc8ec8f02,40421,0,1187099
2780fd497e1c0e9082ea2c193ac8d551,190187,0,1083413
2829ab4e7568cb49a3c530b99ec16e8b,86932,0,1140588
284b8e6953ad88e16d4ca6160127cd1d,0,28776,1244824
28559ba2bbb610fe8c30d660e70f44c2,0,19502,1254098
2864e2d89df283ecd59f911f025ba0e3,50553,0,1223047
28ca0adabead1ae730831caf386f6e36,38969,0,1234631
28f39a546f6eeb0a13b346f09286c94c,0,10791,1262809
296cc5cfd263f1f90be28799235026b3,35207,0,1238393
298e11bb07c70f3701ae6bcec5dd8e74,1,19243,1231317
2a23f9dbbb7bb39ba25b3887ffdc8d09,0,4504,1246056
2a48e11d579d903c7d178f6ea0ad83b8,29608,0,1243992
2a52829ab4e7568cb49a3c530b99ec16,97984,0,1129536
2ab3492fc6239c86a73f97dd5277dd17,22433,0,1205087
2abd004c33abf3ae2136cd9dd77aef5e,24701,0,1248899
2abe3c84417fda8019410b1fcf0625f6,244264,0,1029336
2af6b2da43f71d4dc3ddad260bfcb444,0,14905,1258695
2b4eebc9e5a87e443434ac60af15041b,0,4515,1223005
2b964b7955a1d7a36ccf1225024da63f,65329,0,1208271
2bb3c7abacdbd7e6afd56ea7bc4ba26c,0,5678,1221842
2be8379499640676289b3e732adb4c5d,44604,0,1228996
2c41545ba55aadaa77712a48e11d579d,1,9072,1264528
2cbbcfa4baf3866269959350e7998934,34020,0,1193500
2d6157edc3d82df22c41b503dc19ce17,0,7405,1266195
2d95e6c487ffa651b4774229fe1bce59,88687,0,1184913
2da9e6afaef7fdb2d45b21960c94b0aa,67723,0,1205877
2eb9d32a3dc907950289e976c7250de9,1,15478,1235082
2f514f401ea0bd55b1393e2ef89424de,0,12124,1238436
2f94722af7f63cd771e7606cb09d1fc6,56121,0,1171399
2fa602bb3c7abacdbd7e6afd56ea7bc4,35761,0,1191759
301ff069910ea2abe3c84417fda80194,60755,0,1212845
305af926a6f23c5d6d5f35f66adf95b2,123353,0,1150247
30831caf386f6e366943c17f87cf12b4,60756,0,1212844
309817287a8aef566999467c2a48847a,81920,0,1191680
309d1dff09b8405734fbeedd0f9da760,0,18027,1232533
30ed08f25358edf70899344dae61a5f5,0,4155,1269445
31871f2fd85a04faeeb2b53579739530,68901,13429,1191270
32897255ce2dd4ae1b0f124dbc13ca0e,0,13345,1260255
3297c819c908954bb13d3727c7e5e106,33384,0,1240216
33059989805234e222e19769fa2d37d3,25785,0,1247815
33408da4bcab47c3fb256f174ae992b9,11554,0,1262046
337948a41964c1d4f50a5f3601ad4f13,67491,0,1206109
3387fd56c04414eaa922bca73d5379c7,56786,0,1170734
33aa6b8232510939c091a7915c942b2f,46990,0,1180530
33fa12bfcd6da15fc656702fa602bb3c,61479,0,1166041
3408da4bcab47c3fb256f174ae992b91,13259,0,1260341
340aa5f7804c34a359bbb402345d3412,26670,0,1246930
342865f6c240449ad43fe2cd066b9fdb,69288,0,1158232
3492fc6239c86a73f97dd5277dd17ba4,13563,0,1213957
34e222e19769fa2d37d32780fd497e1c,78117,11572,1183911
35d76d0bbd4ce2a1405f7d507592b964,27641,0,1245959
35f66adf95b204727fdcfa030228a69b,58586,0,1168934
366943c17f87cf12b41e5e9e5040781d,59775,0,1213825
367f150f68fa7ee0ca748f990aeafa35,0,16276,1234284
36ccf1225024da63fb9a76b92633408d,20977,0,1252623
3725a8bbcc89c96ddca6ee1af35b65bd,36320,0,1237280
3736e216b08d237285e26c90e1797c77,83121,0,1144399
376290081835cf877e004e8bfb905b78,122689,0,1150911
37705c1e555525d4f09ce7270bfec57e,0,60853,1212747
37f538abe9de67869ac66e565c5d4340,16541,0,1257059
38485beb48f0be11d0309d1dff09b840,0,20636,1229924
384eb2ba3adfda6c1899fdc983762900,94598,0,1179002
38713b2aa6ce8d1cf6644589e532a9ee,0,16769,1256831
3881bf04350ffd6984cbcc6d6bf62f21,32047,0,1241553
38a1eecd70ebce6347c491b37c8c2e5a,15195,0,1258405
38aa0ef759a3a33a0565586918cd5eb8,0,7913,1265687
39099848c4425bf33b9b001c13a3d810,0,4775,1268825
393e2ef89424de1556a26c8eba4c1db1,1,24321,1226239
395305af926a6f23c5d6d5f35f66adf9,26829,0,1246771
3983064a3eb4d49033c03b0af70cc0f6,191270,0,1036250
3983ebff13a2da7be59a5529406ac1c9,78481,0,1195119
39a76eaf622c3b3e57249fe9959a8070,321846,0,905674
39c091a7915c942b2f94722af7f63cd7,50228,0,1177292
39d9a2f94285ef2a23f9dbbb7bb39ba2,0,25895,1224665
3a7b24423d5c7edd718176ef3065837c,47811,0,1202749
3abf3ae2136cd9dd77aef5ef26a77ecc,98211,0,1175389
3ad88e16d4ca6160127cd1d5ff99c267,57335,0,1216265
3b0af70cc0f6d32b726342865f6c2404,84188,0,1143332
3b0e4909384b57bb6a052600f1f93e95,24555,0,1202965
3b28163a745959c03983064a3eb4d490,268925,0,958595
3b3e57249fe9959a80703003d2cbbcfa,32524,0,1194996
3b51209db6dcdda5cc8a788edaeb6aa4,0,20432,1253168
3b8cac03290f1b976b7a7efc10b1300c,286549,0,987051
3b97bb11e8e0c4416c1931960ff3574f,17553,0,1256047
3c5d6d5f35f66adf95b204727fdcfa03,123868,14013,1089639
3ca0eaf044301ff069910ea2abe3c844,38768,0,1234832
3d46e602b296cc5cfd263f1f90be2879,16157,0,1257443
3d5379c7c851a508273160e13bac7541,47800,0,1179720
3de79be0dba1f3cf29dff2864e2d89df,114787,0,1158813
3e732adb4c5d1580670d78b9d054d694,69894,0,1203706
3ea1dd1faa864b404e18eeb228517f47,3,16838,1233722
3f1f90be28799235026b3550534bca54,49559,0,1224041
3f6a5664c1711b62f15ec83b97bb11e8,67248,0,1206352
3f909df7cd066b37f538abe9de67869a,43155,0,1230445
3fa12bfcd6da15fc656702fa602bb3c7,53999,0,1173521
3fb256f174ae992b915a51625559c7e6,16486,0,1257114
3fb9a76b92633408da4bcab47c3fb256,83039,0,1190561
404b79b6669075945dc8ec8f02000f9b,63787,0,1163733
40676289b3e732adb4c5d1580670d78b,0,33227,1240373
408cc3736e216b08d237285e26c90e17,0,24990,1202530
40e24f489284b8e6953ad88e16d4ca61,57876,0,1215724
41545ba55aadaa77712a48e11d579d90,0,4031,1269569
41680cab5509b367b7048eb17aeed141,19381,0,1254219
41a8490fd7df8e26031fbb5e52c41545,23042,0,1250558
42315b4c10e2b0e33fa12bfcd6da15fc,47143,0,1180377
424a9218697283baa3657e4314fe384e,0,40611,1232989
424de1556a26c8eba4c1db1a0b47aa6b,0,8079,1242481
4284d7a5b6b0449922d6157edc3d82df,15931,7985,1249685
42b2f94722af7f63cd771e7606cb09d1,34689,0,1192831
43c61a01e80947f9c02314fc58bdb266,167049,0,1106551
441680cab5509b367b7048eb17aeed14,335682,0,937918
4425bf33b9b001c13a3d810b000db557,0,52286,1221314
44271fa54aa1b27918630bfd2a52829a,251010,0,976510
443de3ef69f6db034099130d98309817,127772,0,1145828
449922d6157edc3d82df22c41b503dc1,27204,0,1246396
449ad43fe2cd066b9fdbc3bbc04a3afe,22647,0,1204873
4539ef2424a9218697283baa3657e431,52216,0,1221384
45d73912c4fd31aaeec7b426bacd147a,20521,9897,1243182
45dc8ec8f02000f9b6c911c4aa179344,44647,0,1182873
45e304fb82cc3fb177a55b61dedb5eda,0,4976,1245584
465efde988dfb96d0815334875343f27,85344,0,1188256
466c16952b6692e6be5e8f14e1e0ae93,70221,0,1203379
467e5cbc04772d9e593b6be1ac29adbe,0,19627,1230933
46d0a6085835c525af63a987f428c953,20626,0,1206894
46f5d8dd18841d318d1f625619d9ae2a,0,13024,1227296
4774229fe1bce59ddf92e76900d229db,71750,0,1201850
47953b0e4909384b57bb6a052600f1f9,35949,0,1191571
47c491b37c8c2e5a64a8bd16f2523acf,26962,0,1246638
47f9c02314fc58bdb26679bff55177a3,203092,0,1070508
4837f2a0f1536ad3f6a5664c1711b62f,89734,0,1183866
48704ccdc265a0b0a1230b118fa86256,16230,0,1211290
489284b8e6953ad88e16d4ca6160127c,85864,0,1187736
491b37c8c2e5a64a8bd16f2523acfd87,74528,0,1199072
497e1c0e9082ea2c193ac8d551c149b6,16904,0,1256696
4a17af18f72c8e6166a915669c99390d,31116,6028,1236456
4a1e4062d81e095fdc7f720eff82f514,0,12101,1238459
4a3eb4d49033c03b0af70cc0f6d32b72,19796,0,1207724
4af626650908b1cb932a767bf5487ced,1,34569,1239031
4b5dec33fd6aab9f0df70e20bccce75a,0,62903,1187657
4bcab47c3fb256f174ae992b915a5162,23498,0,1250102
4be168d9510588bec07c38c5d07e6080,21751,0,1228809
4bf951276e3f404b79b6669075945dc8,30592,0,1196928
4c1d4f50a5f3601ad4f13ccf1f4b331a,20379,0,1253221
4c31cfc1c9d33f3a7b24423d5c7edd71,23991,0,1226569
4c34a359bbb402345d341253851bc866,61238,0,1212362
4d6c748c41743c6c08a1d1ad8f2c5f72,208975,0,1064625
4da63fb9a76b92633408da4bcab47c3f,24932,0,1248668
4eaf3372eae567c94ea04c603f909df7,0,16137,1257463
4ebafbd9871ca68e0d4bcbe0f5192e72,0,218084,1055516
4ec3d46e602b296cc5cfd263f1f90be2,17748,0,1255852
4f4999a2e79fbc24ef8cde99f0444123,0,13750,1236810
4f50a5f3601ad4f13ccf1f4b331a412f,88203,0,1185397
4fc58bdb26679bff55177a34fc01019e,106461,0,1167139
4fd7da881fe4727080cae6daedd98951,0,46786,1226814
5050fb9af0ef92846b60b1a38a1eecd7,45686,0,1227914
509b367b7048eb17aeed141edb07bf21,280738,0,992862
50c1bce23b1fdd80af3feff05dec1eb3,22671,0,1204849
50e4e40d61c9248a714683983ebff13a,40066,12243,1221291
50ffd6984cbcc6d6bf62f215f0da4ad3,58132,0,1215468
51c149b60f2965341caf528ca0adabea,172688,0,1100912
51eedf26ed414a42bec7a5fdbaf27600,0,32621,1240979
52a9fd5decebad6c688b8ec74baddc22,46129,0,1181391
53248704ccdc265a0b0a1230b118fa86,11569,0,1215951
532897255ce2dd4ae1b0f124dbc13ca0,70287,0,1203313
5341caf528ca0adabead1ae730831caf,63494,0,1210106
535797395305af926a6f23c5d6d5f35f,161911,0,1111689
536ad3f6a5664c1711b62f15ec83b97b,131682,0,1141918
538485beb48f0be11d0309d1dff09b84,0,19215,1231345
53851bc866ebe4d18d5401f659532897,107847,0,1165753
5401f659532897255ce2dd4ae1b0f124,43836,0,1229764
540e24f489284b8e6953ad88e16d4ca6,71675,0,1201925
5433a925101416ae101f07b34db8907f,0,14127,1236433
543f0dc6b7268821d173263d7be7e12d,60363,0,1213237
54b594bb3e598b6a79fb9fd78a02d24a,0,15394,1258206
54bf951276e3f404b79b6669075945dc,133861,0,1093659
550534bca540e24f489284b8e6953ad8,61203,0,1212397
55ce2dd4ae1b0f124dbc13ca0eaf0443,130588,0,1143012
56025866e15c4d0e0a4ceed0afc48dbd,0,18682,1231878
5605da2023387fd56c04414eaa922bca,23603,0,1203917
5646d81526eb91e2da9e6afaef7fdb2d,43871,0,1229729
565c5d4340aa5f7804c34a359bbb4023,66803,0,1206797
56ea7bc4ba26c86b345408cc3736e216,75463,0,1152057
56f174ae992b915a51625559c7e610b1,108402,0,1165198
57249fe9959a80703003d2cbbcfa4baf,81553,0,1145967
57bb6a052600f1f93e952886d1697f8a,55191,0,1172329
580670d78b9d054d694539ef2424a921,45017,0,1228583
588bec07c38c5d07e6080779715c88d8,33098,0,1217462
58bdb26679bff55177a34fc01019eec9,57459,0,1216141
5959c03983064a3eb4d49033c03b0af7,25066,0,1202454
59989805234e222e19769fa2d37d3278,0,26349,1247251
59ba2bbb610fe8c30d660e70f44c2b89,0,14309,1259291
59bbb402345d341253851bc866ebe4d1,305782,0,967818
59ddf92e76900d229db65646d81526eb,177200,0,1096400
5a0b0a1230b118fa8625605da2023387,143614,0,1083906
5a1d7a36ccf1225024da63fb9a76b926,56393,0,1217207
5a64a8bd16f2523acfd87d330a5a97b8,104553,0,1169047
5a793c4a1e4062d81e095fdc7f720eff,0,11981,1238579
5a9a8a8d7fcc9df8e5ad89d2844837f2,1,100383,1173217
5af63a987f428c953248704ccdc265a0,5725,0,1221795
5b1393e2ef89424de1556a26c8eba4c1,1,51495,1199065
5b4c10e2b0e33fa12bfcd6da15fc6567,23895,0,1203625
5c3dbc695325ded465efde988dfb96d0,16659,0,1256941
5c942b2f94722af7f63cd771e7606cb0,24945,0,1202575
5ca159410b9fdbdd46f680afdd43725a,0,56962,1216638
5cc8a788edaeb6aa460a22abd004c33a,81695,0,1191905
5d1580670d78b9d054d694539ef2424a,83623,0,1189977
5d341253851bc866ebe4d18d5401f659,366948,0,906652
5d52941e2705bf4d2ccdc92fcae40458,0,12852,1260748
5da2023387fd56c04414eaa922bca73d,145735,0,1081785
5dbf9c4ebafbd9871ca68e0d4bcbe0f5,29279,0,1244321
5dd8c9431f046f281796061a924f2cc0,70861,1904,1200836
5decebad6c688b8ec74baddc22268d4b,25642,0,1201878
5ded465efde988dfb96d081533487534,56950,0,1216650
5e04f4999a2e79fbc24ef8cde99f0444,1,16989,1233571
5e1069646f2f0bb8dc11d4f50e412144,18050,0,1255550
5f66adf95b204727fdcfa030228a69b9,27929,0,1199591
5fa095f978455cef3593cef221b7a23b,0,14948,1235612
5fdc7f720eff82f514f401ea0bd55b13,0,5575,1244985
6000fdd3a3c17a94fd7da881fe472708,0,24215,1249385
602b296cc5cfd263f1f90be287992350,12077,0,1261523
606cb09d1fc6869d7b4193425b976973,216660,0,1010860
608b4ce97629ab559b28f39a546f6eeb,62613,0,1210987
60a22abd004c33abf3ae2136cd9dd77a,40550,0,1233050
60b1a38a1eecd70ebce6347c491b37c8,45216,0,1228384
60f2965341caf528ca0adabead1ae730,88796,0,1184804
61a01e80947f9c02314fc58bdb26679b,205215,0,1068385
6239c86a73f97dd5277dd17ba487d487,35873,0,1191647
629ab559b28f39a546f6eeb0a13b346f,57695,0,1215905
63a987f428c953248704ccdc265a0b0a,9686,0,1217834
646d81526eb91e2da9e6afaef7fdb2d4,81116,0,1192484
646f2f0bb8dc11d4f50e412144f0496b,30842,0,1242758
64a3eb4d49033c03b0af70cc0f6d32b7,53325,0,1174195
64c1d4f50a5f3601ad4f13ccf1f4b331,19346,0,1254254
64cdc70626ab4ec3d46e602b296cc5cf,33481,0,1240119
65341caf528ca0adabead1ae730831ca,25061,0,1248539
65586918cd5eb80e67c9c8d5ce0c9495,0,11268,1262332
65ddfd1518a2710d568df17586ad8f32,45185,0,1228415
66943c17f87cf12b41e5e9e5040781d5,0,39983,1233617
66999467c2a48847ae8395e56a6d9ba9,129508,0,1144092
66e15c4d0e0a4ceed0afc48dbdf68c4e,0,4530,1246030
670d78b9d054d694539ef2424a921869,0,23958,1249642
683543f0dc6b7268821d173263d7be7e,35718,0,1237882
68c030b9afea6923881bf04350ffd698,0,31567,1242033
68cb49a3c530b99ec16e8b659fdc988a,15282,644,1211595
68f9d4c331587f9b9d49e2f4ee179798,6,551504,688816
6900d229db65646d81526eb91e2da9e6,11696,0,1261904
69075945dc8ec8f02000f9b6c911c4aa,89005,0,1138515
6923881bf04350ffd6984cbcc6d6bf62,23559,0,1250041
694c7a8607b26231002ec4a1fe748f30,0,5995,1244565
695325ded465efde988dfb96d0815334,147284,0,1126316
6953ad88e16d4ca6160127cd1d5ff99c,39501,0,1234099
697283baa3657e4314fe384eb2ba3adf,95527,0,1178073
697f8af9b550c1bce23b1fdd80af3fef,19675,0,1207845
6999467c2a48847ae8395e56a6d9ba9d,41041,0,1232559
69ac66e565c5d4340aa5f7804c34a359,85222,0,1188378
6aa73b7f23de79be0dba1f3cf29dff28,113839,0,1159761
6b2da43f71d4dc3ddad260bfcb4443de,0,45846,1227754
6b92633408da4bcab47c3fb256f174ae,16324,0,1257276
6c04414eaa922bca73d5379c7c851a50,34022,0,1193498
6c08a1d1ad8f2c5f72724e00d827b8bc,47573,0,1226027
6c487ffa651b4774229fe1bce59ddf92,94712,0,1178888
6c688b8ec74baddc22268d4b4ef4d95c,22374,0,1205146
6c6f4f219688c7e39b3608a3d372b89e,1,45437,1228163
6d06046f5d8dd18841d318d1f625619d,0,14752,1225568
6db034099130d98309817287a8aef566,51841,0,1221759
6dc55c83a46ce2be9800e6c6f4f21968,6050,0,1267550
6dde14f129dc9bac4af05b1c40a6615f,0,52365,1221235
6df5630c2f4fc276ed9f178dc2f4af62,0,48569,1225031
6e9bd5f0d1fd8bbf118acd7936140a2d,118651,0,1154949
6eb91e2da9e6afaef7fdb2d45b21960c,62075,0,1211525
6ef3065837ced5c7e06678d2a72ddff0,44600,0,1195720
6f5d8dd18841d318d1f625619d9ae2a9,0,4604,1235716
6fb2b87fbbcfdfb3ea1dd1faa864b404,0,33946,1216614
7021bab9fc7330398846f67b5df7cdf3,68028,0,1159492
707a4fdcc58c9c990b4e2a6e51d077ba,24653,5846,1220061
70866fd3c396490cf7bdbdb19b7afea1,0,10458,1217062
70f3701ae6bcec5dd8e74f182086c88b,0,42263,1208297
713a8763b8318ecf467d7ad048df39be,1,12885,1237675
71d4dc3ddad260bfcb4443de3ef69f6d,82370,0,1191230
7285e26c90e1797c77826f9a7021bab9,88461,0,1139059
7285f1a5c73ef2620b4a15c4be73749a,0,24715,1248885
72eae567c94ea04c603f909df7cd066b,62702,0,1210898
72f65ddfd1518a2710d568df17586ad8,93513,0,1180087
730831caf386f6e366943c17f87cf12b,44908,0,1228692
7395305af926a6f23c5d6d5f35f66adf,27134,0,1246466
74868eb60861ee1ff0b8a4f6b85d841f,0,16891,1256709
749a0d21db70dd094a7f32574d6c748c,41435,0,1232165
74d32ab35c9c40e48620fad66c39a6d3,0,7100,1266500
74d6c748c41743c6c08a1d1ad8f2c5f7,127324,0,1146276
752a9fd5decebad6c688b8ec74baddc2,107496,0,1120024
754f28ca745212295dd542315b4c10e2,32293,0,1195227
75945dc8ec8f02000f9b6c911c4aa179,26599,0,1200921
75a793c4a1e4062d81e095fdc7f720ef,0,25736,1224824
76135d76d0bbd4ce2a1405f7d507592b,0,41554,1232046
7629ab559b28f39a546f6eeb0a13b346,5393,5413,1262794
763bdfb928d788e4237a32841b23099d,0,16461,1257139
76900d229db65646d81526eb91e2da9e,83733,0,1189867
769fa2d37d32780fd497e1c0e9082ea2,55968,0,1217632
76b92633408da4bcab47c3fb256f174a,35003,0,1238597
76b9a1db782ca0a994927d8d739c25f1,73281,0,1200319
76d0bbd4ce2a1405f7d507592b964b79,97023,0,1176577
76ed9f178dc2f4af626650908b1cb932,0,47640,1225960
7712a48e11d579d903c7d178f6ea0ad8,27088,0,1246512
771e7606cb09d1fc6869d7b4193425b9,171351,0,1056169
774229fe1bce59ddf92e76900d229db6,214181,0,1059419
77826f9a7021bab9fc7330398846f67b,116723,0,1110797
77dd17ba487d4878a9bf8a6f4d4987ea,0,20821,1206699
78a91391adc0bb223c4eaf3372eae567,1,22042,1251558
78dc2f4af626650908b1cb932a767bf5,1,10118,1263482
7915c942b2f94722af7f63cd771e7606,41435,0,1186085
7918630bfd2a52829ab4e7568cb49a3c,92432,0,1135088
79344271fa54aa1b27918630bfd2a528,33250,40402,1153868
7953b0e4909384b57bb6a052600f1f93,101562,0,1125958
7955a1d7a36ccf1225024da63fb9a76b,100369,0,1173231
7979870116d06046f5d8dd18841d318d,31868,0,1208452
799235026b3550534bca540e24f48928,33270,0,1240330
79be0dba1f3cf29dff2864e2d89df283,62658,0,1210942
79d7c7c8d3d96fb2b87fbbcfdfb3ea1d,1,34613,1215947
7ad649676a1d6240619ebebe9e9c9d00,0,11225,1262375
7ae8395e56a6d9ba9d45c3dbc695325d,22591,10969,1240041
7b34db8907f74aefafdacfbed351db40,0,25216,1225344
7b4193425b976973f13dd311a65d2b46,12809,0,1214711
7b8bcf15050fb9af0ef92846b60b1a38,27055,0,1246545
7c2a48847ae8395e56a6d9ba9d45c3db,34959,0,1238641
7c38c5d07e6080779715c88d81a4106d,18128,0,1232432
7c8743c61a01e80947f9c02314fc58bd,165513,0,1108087
7d4c9ac32dd04cf2a6a01668d0ceca24,0,9770,1240790
7d507592b964b7955a1d7a36ccf12250,91929,0,1181671
7dd17ba487d4878a9bf8a6f4d4987ea3,0,42639,1184881
7dd5277dd17ba487d4878a9bf8a6f4d4,0,5828,1221692
7e4314fe384eb2ba3adfda6c1899fdc9,0,38364,1235236
7e6080779715c88d81a4106de1bdb8f4,26732,0,1223828
7e6afd56ea7bc4ba26c86b345408cc37,160659,0,1066861
7f23de79be0dba1f3cf29dff2864e2d8,70289,0,1203311
7f538abe9de67869ac66e565c5d4340a,51283,0,1222317
7f720eff82f514f401ea0bd55b1393e2,1,7238,1243322
7f8a4df1ec859759b7c8743c61a01e80,191672,0,1081928
7f9b9d49e2f4ee17979870116d06046f,0,5536,1234784
7fdcfa030228a69b99df08854bf95127,244523,0,982997
7ffa651b4774229fe1bce59ddf92e769,63772,0,1209828
800c683ca4074c2f49c6f0fca6a4248a,0,6117,1221403
802cf912d7aa982e29fb841ad9698b3c,11463,0,1262137
80703003d2cbbcfa4baf386626995935,14385,0,1213135
80779715c88d81a4106de1bdb8f4c31c,22115,0,1228445
80cab5509b367b7048eb17aeed141edb,28971,0,1244629
81e095fdc7f720eff82f514f401ea0bd,1,12308,1238252
81fe4727080cae6daedd989517cb8041,0,19275,1254325
8232510939c091a7915c942b2f94722a,65168,0,1162352
833aa6b8232510939c091a7915c942b2,0,17247,1210273
835c525af63a987f428c953248704ccd,17507,0,1210013
835cf877e004e8bfb905b78a91391adc,222217,0,1051383
8379499640676289b3e732adb4c5d158,26994,0,1246606
837f2a0f1536ad3f6a5664c1711b62f1,31209,0,1242391
839a76eaf622c3b3e57249fe9959a807,81695,0,1145825
83d1d25aa396694c7a8607b26231002e,1,65566,1184994
83ecd59f911f025ba0e3b6d0bf0b5633,15709,0,1257891
841d318d1f625619d9ae2a9833aa6b82,0,23687,1216633
8489f25621ee6b2905cb608d298528ce,0,16870,1210650
8490fd7df8e26031fbb5e52c41545ba5,43528,0,1230072
84b5dec33fd6aab9f0df70e20bccce75,0,32826,1217734
84eb2ba3adfda6c1899fdc9837629008,46329,0,1227271
852ba517fa9498f7b9d151055ea9b16b,0,151865,1098695
865f6c240449ad43fe2cd066b9fdbc3b,65769,0,1161751
866269959350e7998934d417cb2eb1ef,47970,0,1179550
8683543f0dc6b7268821d173263d7be7,55822,0,1217778
86a73f97dd5277dd17ba487d4878a9bf,32807,0,1194713
86f6e366943c17f87cf12b41e5e9e504,41095,0,1232505
871ca68e0d4bcbe0f5192e72f65ddfd1,0,57233,1216367
874c68c030b9afea6923881bf04350ff,0,9987,1263613
877e004e8bfb905b78a91391adc0bb22,100478,0,1173122
87cf12b41e5e9e5040781d54ffd6a8ee,17280,0,1256320
87d4878a9bf8a6f4d4987ea3b4bae567,8096,0,1219424
87ffdc8d09d1185e04f4999a2e79fbc2,0,13394,1237166
8841d318d1f625619d9ae2a9833aa6b8,0,12777,1227543
8846f67b5df7cdf3f33c3ca4d5060a63,0,86337,1141183
886d1697f8af9b550c1bce23b1fdd80a,5688,0,1221832
88aa03c2820362736055807907941a84,22809,0,1250791
893a23c466c16952b6692e6be5e8f14e,129981,0,1143619
89805234e222e19769fa2d37d32780fd,0,20330,1253270
89df283ecd59f911f025ba0e3b6d0bf0,52409,0,1221191
8a1eecd70ebce6347c491b37c8c2e5a6,129811,0,1143789
8a2710d568df17586ad8f3297c819c90,36161,0,1237439
8a9bf8a6f4d4987ea3b4bae5672a2301,0,15544,1211976
8aef566999467c2a48847ae8395e56a6,79743,0,1193857
8b2be8379499640676289b3e732adb4c,111320,0,1162280
8c41743c6c08a1d1ad8f2c5f72724e00,38692,0,1234908
8c5f54ffaa27a623511c38948af83d1d,0,8150,1242410
8c9431f046f281796061a924f2cc01dd,242625,1247,1029728
8ca0adabead1ae730831caf386f6e366,9189,0,1264411
8ca745212295dd542315b4c10e2b0e33,12553,0,1214967
8cb49a3c530b99ec16e8b659fdc988a3,91605,0,1135915
8d3b6c0ed754f28ca745212295dd5423,140663,0,1086857
8d3d96fb2b87fbbcfdfb3ea1dd1faa86,0,20867,1229693
8da4bcab47c3fb256f174ae992b915a5,0,7300,1266300
8df9da738683543f0dc6b7268821d173,85053,0,1188547
8e5ad89d2844837f2a0f1536ad3f6a56,33014,0,1240586
8ee924dbd70f618d52893a23c466c169,108405,0,1165195
8f02000f9b6c911c4aa179344271fa54,24442,0,1203078
8f2c5f72724e00d827b8bcf15050fb9a,44367,0,1229233
90be28799235026b3550534bca540e24,42099,0,1231501
910ea2abe3c84417fda8019410b1fcf0,57582,0,1216018
911f025ba0e3b6d0bf0b563305998980,19102,0,1254498
912c4fd31aaeec7b426bacd147ad6496,0,24527,1249073
91adc0bb223c4eaf3372eae567c94ea0,51276,0,1222324
922af6b2da43f71d4dc3ddad260bfcb4,218484,0,1055116
925eb8e72a8438aa0ef759a3a33a0565,0,31638,1241962
926a6f23c5d6d5f35f66adf95b204727,62911,0,1210689
927d8d739c25f1ed7a64d0efccacf464,0,11475,1262125
92846b60b1a38a1eecd70ebce6347c49,17062,0,1256538
92b964b7955a1d7a36ccf1225024da63,60108,0,1213492
92e72f65ddfd1518a2710d568df17586,75013,0,1198587
9350e7998934d417cb2eb1ef57af2ed9,19161,0,1208359
93a23c466c16952b6692e6be5e8f14e1,163728,0,1109872
93c4a1e4062d81e095fdc7f720eff82f,0,15651,1234909
93e952886d1697f8af9b550c1bce23b1,33520,0,1194000
9424de1556a26c8eba4c1db1a0b47aa6,8772,8373,1233415
947f9c02314fc58bdb26679bff55177a,0,21978,1251622
948a41964c1d4f50a5f3601ad4f13ccf,22571,0,1251029
9499640676289b3e732adb4c5d158067,77809,0,1195791
94abb47953b0e4909384b57bb6a05260,20053,21184,1186283
94ea04c603f909df7cd066b37f538abe,40430,0,1233170
952886d1697f8af9b550c1bce23b1fdd,15112,0,1212408
952b6692e6be5e8f14e1e0ae936de314,188249,0,1085351
953248704ccdc265a0b0a1230b118fa8,8755,0,1218765
954a51c9bf1440f929906d164fe7b83a,0,19712,1253888
95dd542315b4c10e2b0e33fa12bfcd6d,126568,0,1100952
960c94b0aab4c024a573c692195f853a,116207,33050,1124421
963e1713a8763b8318ecf467d7ad048d,0,4391,1246169
97f8af9b550c1bce23b1fdd80af3feff,34262,0,1193258
9833aa6b8232510939c091a7915c942b,117909,0,1109611
984cbcc6d6bf62f215f0da4ad3a7ab8d,17556,0,1256044
987f428c953248704ccdc265a0b0a123,47658,0,1179862
99130d98309817287a8aef566999467c,83302,0,1190298
994927d8d739c25f1ed7a64d0efccacf,85783,0,1187817
9954a51c9bf1440f929906d164fe7b83,0,10927,1262673
99fdc98376290081835cf877e004e8bf,48130,0,1225470
9a1db782ca0a994927d8d739c25f1ed7,214055,0,1059545
9a3a33a0565586918cd5eb80e67c9c8d,0,17229,1256371
9a76eaf622c3b3e57249fe9959a80703,112615,0,1114905
9ab4e7568cb49a3c530b99ec16e8b659,16858,0,1210662
9ac66e565c5d4340aa5f7804c34a359b,25441,0,1248159
9b28f39a546f6eeb0a13b346f09286c9,249687,6551,1017362
9b6c911c4aa179344271fa54aa1b2791,101327,0,1126193
9b99df08854bf951276e3f404b79b666,29521,0,1197999
9bbb402345d341253851bc866ebe4d18,33202,0,1240398
9c02314fc58bdb26679bff55177a34fc,64270,0,1209330
9c7c851a508273160e13bac754142447,49650,0,1177870
9c990b4e2a6e51d077bad31c8c5f54ff,1,28669,1221891
9ccf01a1b73b5f8ef0693db713abd61d,17053,2381,1231126
9d054d694539ef2424a9218697283baa,0,76000,1197600
9d2844837f2a0f1536ad3f6a5664c171,60779,0,1212821
9d33f3a7b24423d5c7edd718176ef306,76469,0,1174091
9d45c3dbc695325ded465efde988dfb9,59455,0,1214145
9d9ae2a9833aa6b8232510939c091a79,166564,0,1060956
9de67869ac66e565c5d4340aa5f7804c,103839,0,1169761
9df283ecd59f911f025ba0e3b6d0bf0b,42790,0,1230810
9e5040781d54ffd6a8ee924dbd70f618,52127,0,1221473
9f21b248d152b672ab3492fc6239c86a,85454,0,1142066
9fbb63b28163a745959c03983064a3eb,21652,0,1205868
9fd5decebad6c688b8ec74baddc22268,82573,0,1144947
9fdc98376290081835cf877e004e8bfb,139574,0,1134026
a032554b5eb4fcf0130a76ba2ea3ad77,0,14405,1236155
a04c603f909df7cd066b37f538abe9de,51101,0,1222499
a052600f1f93e952886d1697f8af9b55,89016,0,1138504
a0565586918cd5eb80e67c9c8d5ce0c9,0,54015,1219585
a0a994927d8d739c25f1ed7a64d0efcc,121353,0,1152247
a0ad83b8cac03290f1b976b7a7efc10b,39908,0,1270812
a0b0a1230b118fa8625605da2023387f,22381,0,1205139
a0b47aa6b7b1fecb5579bf4a5ced589c,4,157655,1092905
a0d21db70dd094a7f32574d6c748c417,518831,0,754769
a0ef759a3a33a0565586918cd5eb80e6,0,12652,1260948
a168142937a1155149398b798da48d67,1,27416,1223144
a1d1ad8f2c5f72724e00d827b8bcf150,1,11731,1261869
a25b3887ffdc8d09d1185e04f4999a2e,0,20182,1230378
a26c86b345408cc3736e216b08d23728,0,31666,1195854
a26c8eba4c1db1a0b47aa6b7b1fecb55,2,42744,1207816
a2ac9e88b2be8379499640676289b3e7,53710,0,1219890
a2bbb610fe8c30d660e70f44c2b89cc0,3,38311,1235289
a34fc01019eec999fd84e679b05f9a5e,27080,0,1246520
a39099848c4425bf33b9b001c13a3d81,1,4392,1269208
a3adfda6c1899fdc98376290081835cf,150579,0,1123021
a3bb0e5ca159410b9fdbdd46f680afdd,27443,0,1246157
a412fc44655fb51f809d3ddb54343665,24016,0,1249584
a46ce2be9800e6c6f4f219688c7e39b3,0,15375,1258225
a4baf3866269959350e7998934d417cb,32924,0,1194596
a4df1ec859759b7c8743c61a01e80947,78340,0,1195260
a54aa1b27918630bfd2a52829ab4e756,223471,0,1004049
a55aadaa77712a48e11d579d903c7d17,0,2750,1270850
a59c7de13a35276a476420655433a925,0,10002,1240558
a64a8bd16f2523acfd87d330a5a97b8e,63072,0,1210528
a65d2b46d0a6085835c525af63a987f4,25150,0,1202370
a760db74a29abdb047dc0cbb58aa0325,15721,19393,1215446
a77ecc564cdc70626ab4ec3d46e602b2,45688,0,1227912
a7ab8df9da738683543f0dc6b7268821,85460,0,1188140
a7b24423d5c7edd718176ef3065837ce,22966,0,1217354
a80703003d2cbbcfa4baf38662699593,20684,0,1206836
a8aef566999467c2a48847ae8395e56a,59354,0,1214246
a8bd16f2523acfd87d330a5a97b8eb5a,49428,0,1224172
a8ee924dbd70f618d52893a23c466c16,80378,0,1193222
a9218697283baa3657e4314fe384eb2b,77730,0,1195870
a95e926dde14f129dc9bac4af05b1c40,36042,0,1237558
aa179344271fa54aa1b27918630bfd2a,0,16417,1211103
aa1b27918630bfd2a52829ab4e7568cb,196984,0,1030536
aa27a623511c38948af83d1d25aa3966,0,21588,1228972
aa3657e4314fe384eb2ba3adfda6c189,97103,0,1176497
aa77712a48e11d579d903c7d178f6ea0,32066,0,1241534
aa922bca73d5379c7c851a508273160e,26839,0,1200681
aa982e29fb841ad9698b3cb63f254f6b,76513,0,1197087
ab47c3fb256f174ae992b915a5162555,21167,0,1252433
ab4c024a573c692195f853af7f8a4df1,101878,25644,1146101
abbdc734839a76eaf622c3b3e57249fe,508387,0,719133
abdb047dc0cbb58aa032554b5eb4fcf0,0,65460,1185100
abead1ae730831caf386f6e366943c17,14950,3413,1255237
ac813fe3ccba3e032dd2948a80c64378,0,16311,1211209
ac8d551c149b60f2965341caf528ca0a,9673,0,1263927
acfd87d330a5a97b8eb5a9a8a8d7fcc9,45603,0,1227997
ad1ae730831caf386f6e366943c17f87,70857,0,1202743
ad260bfcb4443de3ef69f6db03409913,143009,10751,1119840
ad3a7ab8df9da738683543f0dc6b7268,88279,0,1185321
ad4f13ccf1f4b331a412fc44655fb51f,19537,0,1254063
ae567c94ea04c603f909df7cd066b37f,27938,0,1245662
ae992b915a51625559c7e610b1531871,27858,0,1245742
aef5ef26a77ecc564cdc70626ab4ec3d,8735,0,1264865
af3866269959350e7998934d417cb2eb,19761,0,1207759
af386f6e366943c17f87cf12b41e5e9e,157423,0,1116177
af622c3b3e57249fe9959a80703003d2,265944,0,961576
af7f63cd771e7606cb09d1fc6869d7b4,70067,0,1157453
afbd9871ca68e0d4bcbe0f5192e72f65,0,90301,1183299
afd56ea7bc4ba26c86b345408cc3736e,64757,0,1162763
afdd43725a8bbcc89c96ddca6ee1af35,24107,0,1249493
b08d237285e26c90e1797c77826f9a70,61505,0,1166015
b09d1fc6869d7b4193425b976973f13d,403553,0,823967
b0af70cc0f6d32b726342865f6c24044,105898,0,1121622
b0e5ca159410b9fdbdd46f680afdd437,0,40809,1232791
b145a7d8d3b6c0ed754f28ca74521229,116982,0,1110538
b1fdd80af3feff05dec1eb3a70b145a7,68373,0,1159147
b204727fdcfa030228a69b99df08854b,262564,0,964956
b28163a745959c03983064a3eb4d4903,224434,0,1003086
b28f39a546f6eeb0a13b346f09286c94,117404,0,1156196
b2b535797395305af926a6f23c5d6d5f,96898,0,1176702
b2ba3adfda6c1899fdc9837629008183,87905,0,1185695
b37c8c2e5a64a8bd16f2523acfd87d33,28701,0,1244899
b3a70b145a7d8d3b6c0ed754f28ca745,52663,0,1174857
b3e57249fe9959a80703003d2cbbcfa4,44555,0,1182965
b3e732adb4c5d1580670d78b9d054d69,0,11675,1261925
b41e5e9e5040781d54ffd6a8ee924dbd,89164,0,1184436
b46d0a6085835c525af63a987f428c95,44165,0,1183355
b4774229fe1bce59ddf92e76900d229d,294470,0,979130
b4c4137c02accbfc1328f439a117d3f8,1,78434,1149086
b4c5d1580670d78b9d054d694539ef24,53693,0,1219907
b4ce97629ab559b28f39a546f6eeb0a1,62370,0,1211230
b4ec3d46e602b296cc5cfd263f1f90be,36774,0,1236826
b51f809d3ddb54343665e7e177b15dfa,78510,0,1195090
b5633059989805234e222e19769fa2d3,233876,0,1039724
b57bb6a052600f1f93e952886d1697f8,39731,0,1187789
b5eda45ffe51330463d287a51b9298e1,0,7692,1242868
b60f2965341caf528ca0adabead1ae73,130922,0,1142678
b6692e6be5e8f14e1e0ae936de314f2d,85459,0,1188141
b672ab3492fc6239c86a73f97dd5277d,36960,0,1190560
b6aa460a22abd004c33abf3ae2136cd9,47144,0,1226456
b701fc691ffa02f6068b683019e0c84a,0,52320,1198240
b726342865f6c240449ad43fe2cd066b,20297,0,1207223
b7384a5dd8c9431f046f281796061a92,188159,7,1085441
b74a29abdb047dc0cbb58aa032554b5e,0,26414,1224146
b7955a1d7a36ccf1225024da63fb9a76,155571,0,1118029
b79b6669075945dc8ec8f02000f9b6c9,31803,0,1195717
b7ad1cf2eb9d32a3dc907950289e976c,0,41658,1208902
b7c8743c61a01e80947f9c02314fc58b,41770,0,1231830
b7f23de79be0dba1f3cf29dff2864e2d,92915,0,1180685
b8232510939c091a7915c942b2f94722,212061,0,1015459
b8bcf15050fb9af0ef92846b60b1a38a,146916,0,1126684
b96d0815334875343f27ebc5d92b9076,132674,0,1140926
b99df08854bf951276e3f404b79b6669,71300,0,1156220
b9d49e2f4ee17979870116d06046f5d8,0,5396,1234924
ba3137327e936a4fa0fbb89bdd490629,0,8930,1218590
bab9fc7330398846f67b5df7cdf3f33c,93645,0,1133875
bacdbd7e6afd56ea7bc4ba26c86b3454,120330,0,1107190
bb223c4eaf3372eae567c94ea04c603f,49075,0,1224525
bb3c7abacdbd7e6afd56ea7bc4ba26c8,45863,0,1181657
bbba8f6c704801b37705c1e555525d4f,53779,8036,1211785
bbdc734839a76eaf622c3b3e57249fe9,375318,0,852202
bc04772d9e593b6be1ac29adbe86f03d,0,36371,1214189
bc13ca0eaf044301ff069910ea2abe3c,46330,0,1227270
bc4ba26c86b345408cc3736e216b08d2,0,41502,1186018
bc5d92b9076135d76d0bbd4ce2a1405f,9333,0,1264267
bc866ebe4d18d5401f659532897255ce,0,19234,1254366
bc9e5a87e443434ac60af15041b1e56c,0,114139,1113381
bca73d5379c7c851a508273160e13bac,34506,0,1193014
bd55b1393e2ef89424de1556a26c8eba,0,22671,1227889
bd70f618d52893a23c466c16952b6692,45649,0,1227951
bd80d0a4d5777bbe9ebe3853f4fadef8,0,90942,1219778
bd9ea42cfcfedb5eb2a0e4b50889d874,14085,0,1259515
bdfb928d788e4237a32841b23099dd2e,0,12573,1261027
be11d0309d1dff09b8405734fbeedd0f,0,10366,1240194
be5e8f14e1e0ae936de314f2d95e6c48,69241,0,1204359
be9800e6c6f4f219688c7e39b3608a3d,20743,9815,1243042
bf0b5633059989805234e222e19769fa,30594,0,1243006
bfcd6da15fc656702fa602bb3c7abacd,35135,0,1192385
bfd2a52829ab4e7568cb49a3c530b99e,19810,12251,1195462
c08a1d1ad8f2c5f72724e00d827b8bcf,13596,0,1260004
c10e2b0e33fa12bfcd6da15fc656702f,211255,0,1016265
c11d4f50e412144f0496b83ef461c2a3,1,20038,1253562
c16952b6692e6be5e8f14e1e0ae936de,14018,0,1259582
c17f87cf12b41e5e9e5040781d54ffd6,80592,0,1193008
c1899fdc98376290081835cf877e004e,255595,0,1018005
c1d4f50a5f3601ad4f13ccf1f4b331a4,38154,0,1235446
c1db1a0b47aa6b7b1fecb5579bf4a5ce,0,12658,1237902
c1e555525d4f09ce7270bfec57e44168,268037,15944,989619
c1eb3a70b145a7d8d3b6c0ed754f28ca,90869,0,1136651
c270866fd3c396490cf7bdbdb19b7afe,0,22329,1205191
c2820362736055807907941a8490fd7d,40345,0,1233255
c2a337948a41964c1d4f50a5f3601ad4,100046,0,1173554
c2f4af626650908b1cb932a767bf5487,0,109901,1163699
c34a359bbb402345d341253851bc866e,0,24548,1249052
c466c16952b6692e6be5e8f14e1e0ae9,149490,0,1124110
c487ffa651b4774229fe1bce59ddf92e,53559,0,1220041
c4ba26c86b345408cc3736e216b08d23,0,36143,1191377
c4c65193c5141a869d6643c270866fd3,0,25653,1201867
c5f72724e00d827b8bcf15050fb9af0e,145460,0,1128140
c6239c86a73f97dd5277dd17ba487d48,43927,0,1183593
c6869d7b4193425b976973f13dd311a6,20867,0,1206653
c688b8ec74baddc22268d4b4ef4d95ce,148193,0,1079327
c748c41743c6c08a1d1ad8f2c5f72724,73572,0,1200028
c7abacdbd7e6afd56ea7bc4ba26c86b3,53911,0,1173609
c7c851a508273160e13bac7541424475,280939,0,946581
c859759b7c8743c61a01e80947f9c023,217099,0,1056501
c866ebe4d18d5401f659532897255ce2,53215,0,1220385
c86b345408cc3736e216b08d237285e2,0,47798,1179722
c8743c61a01e80947f9c02314fc58bdb,113814,0,1159786
c89c96ddca6ee1af35b65bd9ea42cfcf,62165,0,1211435
c8c2e5a64a8bd16f2523acfd87d330a5,68643,0,1204957
c8c5f54ffaa27a623511c38948af83d1,0,26970,1223590
c8d3d96fb2b87fbbcfdfb3ea1dd1faa8,0,28754,1221806
c94ea04c603f909df7cd066b37f538ab,24644,0,1248956
c98376290081835cf877e004e8bfb905,45994,0,1227606
c9d33f3a7b24423d5c7edd718176ef30,131345,0,1119215
c9d82404c5709ec7f1fc395e7c47889e,16746,20699,1190076
ca0a994927d8d739c25f1ed7a64d0efc,108088,0,1165512
ca73d5379c7c851a508273160e13bac7,104585,0,1122935
ca745212295dd542315b4c10e2b0e33f,11212,0,1216308
caf386f6e366943c17f87cf12b41e5e9,50886,0,1222714
cb4443de3ef69f6db034099130d98309,117423,0,1156177
cb49a3c530b99ec16e8b659fdc988a3e,133925,0,1093595
cbc04772d9e593b6be1ac29adbe86f03,0,28002,1222558
cbcc6d6bf62f215f0da4ad3a7ab8df9d,51901,0,1221699
cc01dd78294679c9cbb2a365b5574868,80772,1948,1190880
cc0f6d32b726342865f6c240449ad43f,33400,0,1194120
cc564cdc70626ab4ec3d46e602b296cc,14462,0,1259138
cc89c96ddca6ee1af35b65bd9ea42cfc,29319,0,1244281
ccacf464aa36bf7c09a3bb0e5ca15941,9929,0,1263671
ccf01a1b73b5f8ef0693db713abd61db,1,7604,1242956
cd066b37f538abe9de67869ac66e565c,60472,0,1213128
cd59f911f025ba0e3b6d0bf0b5633059,28718,0,1244882
cd771e7606cb09d1fc6869d7b4193425,497514,0,730006
cd9dd77aef5ef26a77ecc564cdc70626,0,143785,1129815
cdc265a0b0a1230b118fa8625605da20,34022,0,1193498
cdda5cc8a788edaeb6aa460a22abd004,46790,0,1226810
ce15c1346e62522325c1b9c4fc9cbe1e,40040,3816,1229744
ce23b1fdd80af3feff05dec1eb3a70b1,54836,0,1172684
ce2a1405f7d507592b964b7955a1d7a3,124639,0,1148961
ceceffce15c1346e62522325c1b9c4fc,53440,2957,1217203
ceea11957998906d3694abb47953b0e4,146854,8753,1071913
cf1225024da63fb9a76b92633408da4b,38487,0,1235113
cf15050fb9af0ef92846b60b1a38a1ee,25580,0,1248020
cf1f4b331a412fc44655fb51f809d3dd,20901,0,1252699
cfd263f1f90be28799235026b3550534,16818,0,1256782
cfd87d330a5a97b8eb5a9a8a8d7fcc9d,0,17282,1256318
cfedb5eb2a0e4b50889d874c68c030b9,1,2512,1271088
d054d694539ef2424a9218697283baa3,0,58474,1215126
d066b37f538abe9de67869ac66e565c5,10463,0,1263137
d0815334875343f27ebc5d92b9076135,76117,0,1197483
d152b672ab3492fc6239c86a73f97dd5,90695,0,1136825
d197cd955fa095f978455cef3593cef2,0,4891,1245669
d1fc6869d7b4193425b976973f13dd31,79220,0,1148300
d1fd8bbf118acd7936140a2d5fc1443c,20559,10095,1242946
d24a2ac9e88b2be8379499640676289b,0,14941,1258659
d260bfcb4443de3ef69f6db034099130,55996,7722,1209882
d287a51b9298e11bb07c70f3701ae6bc,0,46463,1204097
d318d1f625619d9ae2a9833aa6b82325,26232,0,1214088
d330a5a97b8eb5a9a8a8d7fcc9df8e5a,0,4909,1268691
d351db40939d9a2f94285ef2a23f9dbb,0,43976,1206584
d37d32780fd497e1c0e9082ea2c193ac,14716,0,1258884
d4ae1b0f124dbc13ca0eaf044301ff06,45542,0,1228058
d4f13ccf1f4b331a412fc44655fb51f8,75700,0,1197900
d507592b964b7955a1d7a36ccf122502,80370,0,1193230
d54ffd6a8ee924dbd70f618d52893a23,327385,0,946215
d6c688b8ec74baddc22268d4b4ef4d95,91737,0,1135783
d6d5f35f66adf95b204727fdcfa03022,53944,0,1173576
d771e7606cb09d1fc6869d7b4193425b,19519,0,1208001
d7a36ccf1225024da63fb9a76b926334,38487,0,1235113
d7a64d0efccacf464aa36bf7c09a3bb0,10453,0,1263147
d7b4193425b976973f13dd311a65d2b4,43608,0,1183912
d80176c9f800c683ca4074c2f49c6f0f,1,13651,1213869
d81526eb91e2da9e6afaef7fdb2d45b2,32286,0,1241314
d8d3b6c0ed754f28ca745212295dd542,0,47734,1179786
d8d739c25f1ed7a64d0efccacf464aa3,0,16843,1256757
d8dd18841d318d1f625619d9ae2a9833,2,29074,1211246
d92b9076135d76d0bbd4ce2a1405f7d5,31193,0,1242407
d9510588bec07c38c5d07e6080779715,44174,0,1206386
da43f71d4dc3ddad260bfcb4443de3ef,54403,0,1219197
da45ffe51330463d287a51b9298e11bb,0,61591,1188969
da63fb9a76b92633408da4bcab47c3fb,5757,0,1267843
da881fe4727080cae6daedd989517cb8,0,8180,1265420
da9e6afaef7fdb2d45b21960c94b0aab,277585,0,996015
dacfbed351db40939d9a2f94285ef2a2,0,2856,1247704
dad260bfcb4443de3ef69f6db0340991,62001,0,1211599
daeb6aa460a22abd004c33abf3ae2136,18540,0,1255060
db034099130d98309817287a8aef5669,135532,0,1138068
db4c5d1580670d78b9d054d694539ef2,45105,0,1228495
db55759486b8aa1b8f79bd9d436e9bd5,0,45544,1228056
db65646d81526eb91e2da9e6afaef7fd,67912,0,1205688
db70dd094a7f32574d6c748c41743c6c,64698,0,1208902
db782ca0a994927d8d739c25f1ed7a64,232893,0,1040707
dbc3bbc04a3afe1f119f21b248d152b6,0,70354,1157166
dbd7e6afd56ea7bc4ba26c86b345408c,89563,0,1137957
dd04cf2a6a01668d0ceca24cbb22edbd,0,14857,1235703
dd80af3feff05dec1eb3a70b145a7d8d,31156,0,1196364
dd989517cb8041ed86e58224cb76a67d,25986,0,1247614
dda5cc8a788edaeb6aa460a22abd004c,73019,0,1200581
de3ef69f6db034099130d98309817287,81957,0,1191643
de67869ac66e565c5d4340aa5f7804c3,73671,0,1199929
dec33fd6aab9f0df70e20bccce75a793,0,8003,1242557
decfb143c57d89102ba1cef745d73912,0,13158,1260442
ded465efde988dfb96d0815334875343,34066,0,1239534
df08854bf951276e3f404b79b6669075,34741,0,1192779
df283ecd59f911f025ba0e3b6d0bf0b5,19194,0,1254406
dfae76b9a1db782ca0a994927d8d739c,104961,0,1168639
dfd1518a2710d568df17586ad8f3297c,44956,0,1228644
dfda6c1899fdc98376290081835cf877,89423,0,1184177
dfef33d144fda8daadc8dd23ae214d84,0,27359,1223201
dff2864e2d89df283ecd59f911f025ba,107506,0,1166094
e0dba1f3cf29dff2864e2d89df283ecd,83832,0,1189768
e101f07b34db8907f74aefafdacfbed3,0,4457,1246103
e11bb07c70f3701ae6bcec5dd8e74f18,0,4994,1245566
e1b0f124dbc13ca0eaf044301ff06991,29249,0,1244351
e20bccce75a793c4a1e4062d81e095fd,1,1844,1248716
e2136cd9dd77aef5ef26a77ecc564cdc,0,82952,1190648
e23b1fdd80af3feff05dec1eb3a70b14,66647,0,1160873
e26c90e1797c77826f9a7021bab9fc73,19179,0,1208341
e28799235026b3550534bca540e24f48,140702,0,1132898
e29fb841ad9698b3cb63f254f6b90e3f,54810,0,1218790
e2a1405f7d507592b964b7955a1d7a36,66625,0,1206975
e2dd4ae1b0f124dbc13ca0eaf044301f,52199,0,1221401
e2ef89424de1556a26c8eba4c1db1a0b,1,22624,1227936
e2f4ee17979870116d06046f5d8dd188,95202,0,1145118
e319e1d6d19a707a4fdcc58c9c990b4e,0,7379,1243181
e33fa12bfcd6da15fc656702fa602bb3,35650,0,1191870
e3b6d0bf0b5633059989805234e222e1,20560,0,1253040
e4909384b57bb6a052600f1f93e95288,27315,0,1200205
e4d18d5401f659532897255ce2dd4ae1,132270,0,1141330
e51330463d287a51b9298e11bb07c70f,0,19626,1230934
e565c5d4340aa5f7804c34a359bbb402,0,5950,1267650
e59ddf92e76900d229db65646d81526e,138114,0,1135486
e6080779715c88d81a4106de1bdb8f4c,44549,0,1206011
e6afaef7fdb2d45b21960c94b0aab4c0,0,70976,1202624
e732adb4c5d1580670d78b9d054d6945,135676,0,1137924
e76900d229db65646d81526eb91e2da9,257098,0,1016502
e85d064f787d4be168d9510588bec07c,21952,0,1228608
e9127e9632a3c6f7f7fb2a643f15bd02,1,25505,1248095
e988dfb96d0815334875343f27ebc5d9,100068,0,1173532
e9959a80703003d2cbbcfa4baf386626,10246,0,1217274
e9e5040781d54ffd6a8ee924dbd70f61,22246,0,1251354
ea1dd1faa864b404e18eeb228517f470,11370,4791,1234399
eaa922bca73d5379c7c851a508273160,70421,0,1157099
eb2a0e4b50889d874c68c030b9afea69,0,3392,1270208
eb4d49033c03b0af70cc0f6d32b72634,23682,0,1203838
eb91e2da9e6afaef7fdb2d45b21960c9,410795,0,862805
eba4c1db1a0b47aa6b7b1fecb5579bf4,0,9340,1241220
ebce6347c491b37c8c2e5a64a8bd16f2,125995,0,1147605
ec1eb3a70b145a7d8d3b6c0ed754f28c,63947,0,1163573
ecc564cdc70626ab4ec3d46e602b296c,61274,0,1212326
ed351db40939d9a2f94285ef2a23f9db,0,15461,1235099
ee17979870116d06046f5d8dd18841d3,83895,0,1156425
ef3065837ced5c7e06678d2a72ddff0b,127503,0,1112817
ef69f6db034099130d98309817287a8a,40900,0,1232700
ef92846b60b1a38a1eecd70ebce6347c,48986,0,1224614
eff82f514f401ea0bd55b1393e2ef894,29094,32176,1189290
f02000f9b6c911c4aa179344271fa54a,12475,0,1215045
f04350ffd6984cbcc6d6bf62f215f0da,19582,0,1254018
f0625f608b4ce97629ab559b28f39a54,271843,0,1001757
f0b8a4f6b85d841fcef620546518773b,28500,0,1245100
f0dc6b7268821d173263d7be7e12deff,186900,0,1086700
f119f21b248d152b672ab3492fc6239c,95639,0,1131881
f12b41e5e9e5040781d54ffd6a8ee924,46216,0,1227384
f1ec859759b7c8743c61a01e80947f9c,154339,0,1119261
f1f90be28799235026b3550534bca540,29776,0,1243824
f2523acfd87d330a5a97b8eb5a9a8a8d,35352,0,1238248
f29dff2864e2d89df283ecd59f911f02,63626,0,1209974
f2a0f1536ad3f6a5664c1711b62f15ec,20010,0,1253590
f2c6d40b3bbba8f6c704801b37705c1e,90612,15510,1167478
f2d95e6c487ffa651b4774229fe1bce5,49338,0,1224262
f3372eae567c94ea04c603f909df7cd0,77218,0,1196382
f3593cef221b7a23b8c34c4287d4c9ac,0,2908,1247652
f35edeb1919e5149b7e87593ab2925eb,0,6594,1267006
f3ae2136cd9dd77aef5ef26a77ecc564,24990,0,1248610
f3cf29dff2864e2d89df283ecd59f911,167586,0,1106014
f404b79b6669075945dc8ec8f02000f9,66196,0,1161324
f428c953248704ccdc265a0b0a1230b1,5691,0,1221829
f461c2a337948a41964c1d4f50a5f360,1,34113,1239487
f489284b8e6953ad88e16d4ca6160127,0,5212,1268388
f4c31cfc1c9d33f3a7b24423d5c7edd7,59713,0,1190847
f4f219688c7e39b3608a3d372b89ec27,0,32648,1240952
f55177a34fc01019eec999fd84e679b0,62012,0,1211588
f55b0b4c4137c02accbfc1328f439a11,0,25718,1201802
f608b4ce97629ab559b28f39a546f6ee,61143,0,1212457
f622c3b3e57249fe9959a80703003d2c,65837,0,1161683
f625619d9ae2a9833aa6b8232510939c,245514,0,982006
f6c240449ad43fe2cd066b9fdbc3bbc0,79602,0,1147918
f6d32b726342865f6c240449ad43fe2c,66049,0,1161471
f6ea0ad83b8cac03290f1b976b7a7efc,33408,0,1240192
f70cc0f6d32b726342865f6c240449ad,79929,0,1147591
f759a3a33a0565586918cd5eb80e67c9,0,63773,1209827
f7f63cd771e7606cb09d1fc6869d7b41,405554,0,821966
f7f8a4df1ec859759b7c8743c61a01e8,215867,0,1057733
f800c683ca4074c2f49c6f0fca6a4248,0,32511,1195009
f809d3ddb54343665e7e177b15dfae76,49673,13569,1210358
f853af7f8a4df1ec859759b7c8743c61,78919,0,1194681
f8a6f4d4987ea3b4bae5672a230194c5,0,10751,1216769
f92846b60b1a38a1eecd70ebce6347c4,18526,0,1255074
f93e952886d1697f8af9b550c1bce23b,44918,0,1182602
f95b204727fdcfa030228a69b99df088,562914,0,664606
f970db3f998752a9fd5decebad6c688b,135780,0,1091740
fa2d37d32780fd497e1c0e9082ea2c19,19166,0,1254434
fa4baf3866269959350e7998934d417c,80762,0,1146758
fa54aa1b27918630bfd2a52829ab4e75,117106,0,1110414
faa864b404e18eeb228517f4706b508d,0,24751,1225809
fae76b9a1db782ca0a994927d8d739c2,136683,0,1136917
faeeb2b535797395305af926a6f23c5d,110756,0,1162844
fb256f174ae992b915a51625559c7e61,103243,0,1170357
fb2b87fbbcfdfb3ea1dd1faa864b404e,0,19974,1230586
fb51f809d3ddb54343665e7e177b15df,52345,6952,1214303
fb96d0815334875343f27ebc5d92b907,42155,0,1231445
fbbcfdfb3ea1dd1faa864b404e18eeb2,0,28489,1222071
fc01019eec999fd84e679b05f9a5e1ac,27517,0,1246083
fc10b1300cb1b387133b51209db6dcdd,60194,0,1213406
fcb4443de3ef69f6db034099130d9830,60809,0,1212791
fccacf464aa36bf7c09a3bb0e5ca1594,0,28193,1245407
fcfedb5eb2a0e4b50889d874c68c030b,0,3772,1269828
fd6984cbcc6d6bf62f215f0da4ad3a7a,19254,0,1254346
fd7da881fe4727080cae6daedd989517,0,24011,1249589
fdcc58c9c990b4e2a6e51d077bad31c8,0,40473,1210087
fe1bce59ddf92e76900d229db65646d8,48649,0,1224951
fe51330463d287a51b9298e11bb07c70,0,42770,1207790
fe9959a80703003d2cbbcfa4baf38662,27865,0,1199655
fea6923881bf04350ffd6984cbcc6d6b,12735,0,1260865
ff0b8a4f6b85d841fcef620546518773,2,40149,1233451
ff13a2da7be59a5529406ac1c91f53b8,0,51810,1221790
ffb963e1713a8763b8318ecf467d7ad0,0,8525,1242035
